{
  "hash": "c60e1218",
  "configHash": "34cb44b1",
  "lockfileHash": "9ac3469d",
  "browserHash": "f5e78daf",
  "optimized": {
    "@angular/cdk/clipboard": {
      "src": "../../../../../../node_modules/@angular/cdk/fesm2022/clipboard.mjs",
      "file": "@angular_cdk_clipboard.js",
      "fileHash": "193be587",
      "needsInterop": false
    },
    "@angular/common": {
      "src": "../../../../../../node_modules/@angular/common/fesm2022/common.mjs",
      "file": "@angular_common.js",
      "fileHash": "20623a73",
      "needsInterop": false
    },
    "@angular/common/http": {
      "src": "../../../../../../node_modules/@angular/common/fesm2022/http.mjs",
      "file": "@angular_common_http.js",
      "fileHash": "8fac9bac",
      "needsInterop": false
    },
    "@angular/core": {
      "src": "../../../../../../node_modules/@angular/core/fesm2022/core.mjs",
      "file": "@angular_core.js",
      "fileHash": "db817526",
      "needsInterop": false
    },
    "@angular/forms": {
      "src": "../../../../../../node_modules/@angular/forms/fesm2022/forms.mjs",
      "file": "@angular_forms.js",
      "fileHash": "df16ea37",
      "needsInterop": false
    },
    "@angular/platform-browser": {
      "src": "../../../../../../node_modules/@angular/platform-browser/fesm2022/platform-browser.mjs",
      "file": "@angular_platform-browser.js",
      "fileHash": "0ef25faf",
      "needsInterop": false
    },
    "@angular/router": {
      "src": "../../../../../../node_modules/@angular/router/fesm2022/router.mjs",
      "file": "@angular_router.js",
      "fileHash": "1c47b4d2",
      "needsInterop": false
    },
    "angular-auth-oidc-client": {
      "src": "../../../../../../node_modules/angular-auth-oidc-client/fesm2022/angular-auth-oidc-client.mjs",
      "file": "angular-auth-oidc-client.js",
      "fileHash": "af098885",
      "needsInterop": false
    },
    "chart.js": {
      "src": "../../../../../../node_modules/chart.js/dist/chart.js",
      "file": "chart__js.js",
      "fileHash": "3d7ca6b6",
      "needsInterop": false
    },
    "rxjs": {
      "src": "../../../../../../node_modules/rxjs/dist/esm5/index.js",
      "file": "rxjs.js",
      "fileHash": "8124fa9d",
      "needsInterop": false
    }
  },
  "chunks": {
    "chunk-O2CPUUR3": {
      "file": "chunk-O2CPUUR3.js"
    },
    "chunk-224OF2CP": {
      "file": "chunk-224OF2CP.js"
    },
    "chunk-MNYYNOOB": {
      "file": "chunk-MNYYNOOB.js"
    },
    "chunk-GBANFASH": {
      "file": "chunk-GBANFASH.js"
    },
    "chunk-QZ2E34AJ": {
      "file": "chunk-QZ2E34AJ.js"
    },
    "chunk-5QXQOMPN": {
      "file": "chunk-5QXQOMPN.js"
    },
    "chunk-P6U2JBMQ": {
      "file": "chunk-P6U2JBMQ.js"
    },
    "chunk-WDMUDEB6": {
      "file": "chunk-WDMUDEB6.js"
    }
  }
}